v,ta,td,sa,sd,E,P,η,Φ
v1,5,90,0.113976702,0.915576884,42,4.5,0.96,A
v2,5,90,0.251061343,0.867331307,42,4.5,0.96,B
v3,5,90,0.213693634,0.920302486,25,3,0.94,C
v4,5,90,0.141539164,0.977904234,54,5.6,0.94,A
v5,5,90,0.127013667,0.847472954,42,4.5,0.96,B
v6,5,90,0.254123434,0.935594814,54,5.6,0.94,C
