v,ta,td,sa,sd,E,P,¦Ç,¦µ,¦¤,k
v1,27,72,0.258549261,0.879634043,49,4,0.96,A,0.019591837,31
v2,27,72,0.258549261,0.879634043,49,4,0.96,B,0.019591837,31
v3,27,72,0.258549261,0.879634043,49,4,0.96,C,0.019591837,31
v4,27,72,0.258549261,0.879634043,49,4,0.96,A,0.019591837,31
v5,27,72,0.258549261,0.879634043,49,4,0.96,B,0.019591837,31
v6,27,72,0.258549261,0.879634043,49,4,0.96,C,0.019591837,31
v7,27,72,0.258549261,0.879634043,49,4,0.96,A,0.019591837,31
v8,27,72,0.258549261,0.879634043,49,4,0.96,B,0.019591837,31
v9,27,72,0.258549261,0.879634043,49,4,0.96,C,0.019591837,31
